{"stats":{"minecraft:custom":{"minecraft:jump":44,"minecraft:walk_on_water_one_cm":7571,"minecraft:time_since_rest":10471,"minecraft:crouch_one_cm":1834,"minecraft:sprint_one_cm":30644,"minecraft:play_time":10471,"minecraft:damage_taken":20,"minecraft:time_since_death":10471,"minecraft:walk_one_cm":42228,"minecraft:walk_under_water_one_cm":1144,"minecraft:sneak_time":141,"minecraft:total_world_time":10471,"minecraft:swim_one_cm":14618,"minecraft:fall_one_cm":1440,"minecraft:fly_one_cm":17743},"minecraft:picked_up":{"minecraft:oak_log":12},"minecraft:mined":{"minecraft:grass":1,"minecraft:tall_grass":2,"minecraft:oak_log":12,"biomesoplenty:tall_lavender":1,"biomesoplenty:flowering_oak_leaves":3},"minecraft:crafted":{"minecraft:crafting_table":1,"minecraft:oak_planks":48,"minecraft:stick":4}},"DataVersion":3465}