{"stats":{"minecraft:used":{"minecraft:wooden_pickaxe":13,"minecraft:wooden_sword":21,"minecraft:dirt":7,"minecraft:crafting_table":1,"minecraft:egg":1},"minecraft:dropped":{"minecraft:dirt":1,"iceandfire:ghost_chest":1},"minecraft:custom":{"minecraft:time_since_rest":26980,"minecraft:sprint_one_cm":28871,"minecraft:damage_taken":130,"minecraft:walk_one_cm":77285,"minecraft:mob_kills":11,"minecraft:drop":2,"minecraft:damage_dealt":1202,"minecraft:swim_one_cm":908,"minecraft:interact_with_crafting_table":1,"minecraft:fly_one_cm":85429,"minecraft:play_time":26980,"minecraft:sneak_time":42,"minecraft:walk_under_water_one_cm":7818,"minecraft:jump":249,"minecraft:leave_game":2,"minecraft:walk_on_water_one_cm":4108,"minecraft:time_since_death":26980,"minecraft:total_world_time":26980,"minecraft:fall_one_cm":7319},"minecraft:picked_up":{"minecraft:crafting_table":1,"iceandfire:ghost_chest":1,"minecraft:feather":3,"minecraft:chicken":4,"minecraft:porkchop":5,"minecraft:oak_log":15,"iceandfire:ectoplasm":1,"minecraft:dirt":7,"minecraft:rotten_flesh":6,"minecraft:light_gray_wool":1,"minecraft:mutton":5,"minecraft:skeleton_skull":1,"minecraft:white_wool":3,"minecraft:cobblestone":11,"minecraft:egg":1},"minecraft:killed":{"minecraft:sheep":4,"minecraft:pig":2,"iceandfire:ghost":1,"minecraft:chicken":4},"minecraft:mined":{"minecraft:tall_seagrass":1,"minecraft:crafting_table":1,"minecraft:grass":7,"biomesoplenty:bush":1,"minecraft:grass_block":3,"minecraft:oak_log":15,"minecraft:vine":1,"iceandfire:ghost_chest":1,"minecraft:dirt":4,"minecraft:tall_grass":3,"minecraft:stone":11,"minecraft:oak_leaves":3},"minecraft:crafted":{"minecraft:wooden_sword":1,"minecraft:oak_planks":60,"minecraft:crafting_table":1,"minecraft:stick":4,"minecraft:wooden_pickaxe":1}},"DataVersion":3465}