{"stats":{"minecraft:used":{"minecraft:dirt":6},"minecraft:dropped":{"minecraft:dirt":1},"minecraft:custom":{"minecraft:jump":49,"minecraft:time_since_rest":14980,"minecraft:sprint_one_cm":2100,"minecraft:leave_game":2,"minecraft:play_time":14980,"minecraft:time_since_death":14980,"minecraft:walk_one_cm":5881,"minecraft:total_world_time":14980,"minecraft:fall_one_cm":1254,"minecraft:drop":1,"minecraft:fly_one_cm":21107},"minecraft:picked_up":{"minecraft:dirt":4},"minecraft:mined":{"minecraft:grass_block":1,"minecraft:dirt":3}},"DataVersion":3465}